{
    "dataset_info": {
        "name": "Iris Dataset",
        "shape": [
            150,
            4
        ],
        "features": [
            "sepal length (cm)",
            "sepal width (cm)",
            "petal length (cm)",
            "petal width (cm)"
        ],
        "classes": [
            "setosa",
            "versicolor",
            "virginica"
        ]
    },
    "config": {
        "algorithm": "gaussian",
        "split_ratio": 0.2,
        "k_folds": 5
    },
    "parameters": {
        "priors": [
            0.3333333333333333,
            0.3416666666666667,
            0.325
        ],
        "means": [
            [
                4.99,
                3.4524999999999997,
                1.4499999999999997,
                0.24499999999999997
            ],
            [
                5.919512195121952,
                2.770731707317073,
                4.241463414634147,
                1.3219512195121947
            ],
            [
                6.533333333333333,
                2.966666666666667,
                5.52051282051282,
                1.9999999999999996
            ]
        ],
        "variances": [
            [
                0.12390000304512223,
                0.15249375304512225,
                0.03300000304512222,
                0.010975003045122222
            ],
            [
                0.2869363504573768,
                0.10011897984464634,
                0.22584176390175523,
                0.041225464080220375
            ],
            [
                0.4165811996263188,
                0.09914530219042135,
                0.28573307339357723,
                0.08205128509640425
            ]
        ]
    },
    "evaluation": {
        "metrics": {
            "accuracy": 1.0,
            "precision": 1.0,
            "recall": 1.0,
            "f1": 1.0,
            "confusion_matrix": [
                [
                    10,
                    0,
                    0
                ],
                [
                    0,
                    9,
                    0
                ],
                [
                    0,
                    0,
                    11
                ]
            ]
        },
        "cv_scores": [
            1.0,
            0.9666666666666667,
            0.9333333333333333,
            0.9666666666666667,
            0.9333333333333333
        ]
    }
}